sku,brand,drop,style,product_handle,design,color,pack,tier_code,tier,size_1,size_2,price_aed,unit_cost_aed_est,tees_per_unit
UC-D01-MT1WH-ESS-S,UC,D01,MT1WH,us-code-eyes-only-memory-tee-personalized-edition,MT1,white,single,ESS,Essential,S,,229,119,1
UC-D01-MT1WH-ESS-M,UC,D01,MT1WH,us-code-eyes-only-memory-tee-personalized-edition,MT1,white,single,ESS,Essential,M,,229,119,1
UC-D01-MT1WH-ESS-L,UC,D01,MT1WH,us-code-eyes-only-memory-tee-personalized-edition,MT1,white,single,ESS,Essential,L,,229,119,1
UC-D01-MT1WH-ESS-XL,UC,D01,MT1WH,us-code-eyes-only-memory-tee-personalized-edition,MT1,white,single,ESS,Essential,XL,,229,119,1
UC-D01-MT1WH-MEM-S,UC,D01,MT1WH,us-code-eyes-only-memory-tee-personalized-edition,MT1,white,single,MEM,Memory,S,,299,119,1
UC-D01-MT1WH-MEM-M,UC,D01,MT1WH,us-code-eyes-only-memory-tee-personalized-edition,MT1,white,single,MEM,Memory,M,,299,119,1
UC-D01-MT1WH-MEM-L,UC,D01,MT1WH,us-code-eyes-only-memory-tee-personalized-edition,MT1,white,single,MEM,Memory,L,,299,119,1
UC-D01-MT1WH-MEM-XL,UC,D01,MT1WH,us-code-eyes-only-memory-tee-personalized-edition,MT1,white,single,MEM,Memory,XL,,299,119,1
UC-D01-MT1WH-SIG-S,UC,D01,MT1WH,us-code-eyes-only-memory-tee-personalized-edition,MT1,white,single,SIG,Signature,S,,449,139,1
UC-D01-MT1WH-SIG-M,UC,D01,MT1WH,us-code-eyes-only-memory-tee-personalized-edition,MT1,white,single,SIG,Signature,M,,449,139,1
UC-D01-MT1WH-SIG-L,UC,D01,MT1WH,us-code-eyes-only-memory-tee-personalized-edition,MT1,white,single,SIG,Signature,L,,449,139,1
UC-D01-MT1WH-SIG-XL,UC,D01,MT1WH,us-code-eyes-only-memory-tee-personalized-edition,MT1,white,single,SIG,Signature,XL,,449,139,1
UC-D01-MT2WH-ESS-S,UC,D01,MT2WH,us-code-eyes-only-memory-tee-white-personalized,MT2,white,single,ESS,Essential,S,,229,119,1
UC-D01-MT2WH-ESS-M,UC,D01,MT2WH,us-code-eyes-only-memory-tee-white-personalized,MT2,white,single,ESS,Essential,M,,229,119,1
UC-D01-MT2WH-ESS-L,UC,D01,MT2WH,us-code-eyes-only-memory-tee-white-personalized,MT2,white,single,ESS,Essential,L,,229,119,1
UC-D01-MT2WH-ESS-XL,UC,D01,MT2WH,us-code-eyes-only-memory-tee-white-personalized,MT2,white,single,ESS,Essential,XL,,229,119,1
UC-D01-MT2WH-MEM-S,UC,D01,MT2WH,us-code-eyes-only-memory-tee-white-personalized,MT2,white,single,MEM,Memory,S,,299,119,1
UC-D01-MT2WH-MEM-M,UC,D01,MT2WH,us-code-eyes-only-memory-tee-white-personalized,MT2,white,single,MEM,Memory,M,,299,119,1
UC-D01-MT2WH-MEM-L,UC,D01,MT2WH,us-code-eyes-only-memory-tee-white-personalized,MT2,white,single,MEM,Memory,L,,299,119,1
UC-D01-MT2WH-MEM-XL,UC,D01,MT2WH,us-code-eyes-only-memory-tee-white-personalized,MT2,white,single,MEM,Memory,XL,,299,119,1
UC-D01-MT2WH-SIG-S,UC,D01,MT2WH,us-code-eyes-only-memory-tee-white-personalized,MT2,white,single,SIG,Signature,S,,449,139,1
UC-D01-MT2WH-SIG-M,UC,D01,MT2WH,us-code-eyes-only-memory-tee-white-personalized,MT2,white,single,SIG,Signature,M,,449,139,1
UC-D01-MT2WH-SIG-L,UC,D01,MT2WH,us-code-eyes-only-memory-tee-white-personalized,MT2,white,single,SIG,Signature,L,,449,139,1
UC-D01-MT2WH-SIG-XL,UC,D01,MT2WH,us-code-eyes-only-memory-tee-white-personalized,MT2,white,single,SIG,Signature,XL,,449,139,1
UC-D01-MT2BK-ESS-S,UC,D01,MT2BK,us-code-eyes-only-memory-tee-black-personalized,MT2,black,single,ESS,Essential,S,,229,119,1
UC-D01-MT2BK-ESS-M,UC,D01,MT2BK,us-code-eyes-only-memory-tee-black-personalized,MT2,black,single,ESS,Essential,M,,229,119,1
UC-D01-MT2BK-ESS-L,UC,D01,MT2BK,us-code-eyes-only-memory-tee-black-personalized,MT2,black,single,ESS,Essential,L,,229,119,1
UC-D01-MT2BK-ESS-XL,UC,D01,MT2BK,us-code-eyes-only-memory-tee-black-personalized,MT2,black,single,ESS,Essential,XL,,229,119,1
UC-D01-MT2BK-MEM-S,UC,D01,MT2BK,us-code-eyes-only-memory-tee-black-personalized,MT2,black,single,MEM,Memory,S,,299,119,1
UC-D01-MT2BK-MEM-M,UC,D01,MT2BK,us-code-eyes-only-memory-tee-black-personalized,MT2,black,single,MEM,Memory,M,,299,119,1
UC-D01-MT2BK-MEM-L,UC,D01,MT2BK,us-code-eyes-only-memory-tee-black-personalized,MT2,black,single,MEM,Memory,L,,299,119,1
UC-D01-MT2BK-MEM-XL,UC,D01,MT2BK,us-code-eyes-only-memory-tee-black-personalized,MT2,black,single,MEM,Memory,XL,,299,119,1
UC-D01-MT2BK-SIG-S,UC,D01,MT2BK,us-code-eyes-only-memory-tee-black-personalized,MT2,black,single,SIG,Signature,S,,449,139,1
UC-D01-MT2BK-SIG-M,UC,D01,MT2BK,us-code-eyes-only-memory-tee-black-personalized,MT2,black,single,SIG,Signature,M,,449,139,1
UC-D01-MT2BK-SIG-L,UC,D01,MT2BK,us-code-eyes-only-memory-tee-black-personalized,MT2,black,single,SIG,Signature,L,,449,139,1
UC-D01-MT2BK-SIG-XL,UC,D01,MT2BK,us-code-eyes-only-memory-tee-black-personalized,MT2,black,single,SIG,Signature,XL,,449,139,1
UC-D01-MC2WH-ESS-SxS,UC,D01,MC2WH,us-code-eyes-only-memory-tee-white-couples-personalized,MT2,white,couples,ESS,Essential,S,S,419,238,2
UC-D01-MC2WH-ESS-SxM,UC,D01,MC2WH,us-code-eyes-only-memory-tee-white-couples-personalized,MT2,white,couples,ESS,Essential,S,M,419,238,2
UC-D01-MC2WH-ESS-SxL,UC,D01,MC2WH,us-code-eyes-only-memory-tee-white-couples-personalized,MT2,white,couples,ESS,Essential,S,L,419,238,2
UC-D01-MC2WH-ESS-SxXL,UC,D01,MC2WH,us-code-eyes-only-memory-tee-white-couples-personalized,MT2,white,couples,ESS,Essential,S,XL,419,238,2
UC-D01-MC2WH-ESS-MxS,UC,D01,MC2WH,us-code-eyes-only-memory-tee-white-couples-personalized,MT2,white,couples,ESS,Essential,M,S,419,238,2
UC-D01-MC2WH-ESS-MxM,UC,D01,MC2WH,us-code-eyes-only-memory-tee-white-couples-personalized,MT2,white,couples,ESS,Essential,M,M,419,238,2
UC-D01-MC2WH-ESS-MxL,UC,D01,MC2WH,us-code-eyes-only-memory-tee-white-couples-personalized,MT2,white,couples,ESS,Essential,M,L,419,238,2
UC-D01-MC2WH-ESS-MxXL,UC,D01,MC2WH,us-code-eyes-only-memory-tee-white-couples-personalized,MT2,white,couples,ESS,Essential,M,XL,419,238,2
UC-D01-MC2WH-ESS-LxS,UC,D01,MC2WH,us-code-eyes-only-memory-tee-white-couples-personalized,MT2,white,couples,ESS,Essential,L,S,419,238,2
UC-D01-MC2WH-ESS-LxM,UC,D01,MC2WH,us-code-eyes-only-memory-tee-white-couples-personalized,MT2,white,couples,ESS,Essential,L,M,419,238,2
UC-D01-MC2WH-ESS-LxL,UC,D01,MC2WH,us-code-eyes-only-memory-tee-white-couples-personalized,MT2,white,couples,ESS,Essential,L,L,419,238,2
UC-D01-MC2WH-ESS-LxXL,UC,D01,MC2WH,us-code-eyes-only-memory-tee-white-couples-personalized,MT2,white,couples,ESS,Essential,L,XL,419,238,2
UC-D01-MC2WH-ESS-XLxS,UC,D01,MC2WH,us-code-eyes-only-memory-tee-white-couples-personalized,MT2,white,couples,ESS,Essential,XL,S,419,238,2
UC-D01-MC2WH-ESS-XLxM,UC,D01,MC2WH,us-code-eyes-only-memory-tee-white-couples-personalized,MT2,white,couples,ESS,Essential,XL,M,419,238,2
UC-D01-MC2WH-ESS-XLxL,UC,D01,MC2WH,us-code-eyes-only-memory-tee-white-couples-personalized,MT2,white,couples,ESS,Essential,XL,L,419,238,2
UC-D01-MC2WH-ESS-XLxXL,UC,D01,MC2WH,us-code-eyes-only-memory-tee-white-couples-personalized,MT2,white,couples,ESS,Essential,XL,XL,419,238,2
UC-D01-MC2WH-MEM-SxS,UC,D01,MC2WH,us-code-eyes-only-memory-tee-white-couples-personalized,MT2,white,couples,MEM,Memory,S,S,549,238,2
UC-D01-MC2WH-MEM-SxM,UC,D01,MC2WH,us-code-eyes-only-memory-tee-white-couples-personalized,MT2,white,couples,MEM,Memory,S,M,549,238,2
UC-D01-MC2WH-MEM-SxL,UC,D01,MC2WH,us-code-eyes-only-memory-tee-white-couples-personalized,MT2,white,couples,MEM,Memory,S,L,549,238,2
UC-D01-MC2WH-MEM-SxXL,UC,D01,MC2WH,us-code-eyes-only-memory-tee-white-couples-personalized,MT2,white,couples,MEM,Memory,S,XL,549,238,2
UC-D01-MC2WH-MEM-MxS,UC,D01,MC2WH,us-code-eyes-only-memory-tee-white-couples-personalized,MT2,white,couples,MEM,Memory,M,S,549,238,2
UC-D01-MC2WH-MEM-MxM,UC,D01,MC2WH,us-code-eyes-only-memory-tee-white-couples-personalized,MT2,white,couples,MEM,Memory,M,M,549,238,2
UC-D01-MC2WH-MEM-MxL,UC,D01,MC2WH,us-code-eyes-only-memory-tee-white-couples-personalized,MT2,white,couples,MEM,Memory,M,L,549,238,2
UC-D01-MC2WH-MEM-MxXL,UC,D01,MC2WH,us-code-eyes-only-memory-tee-white-couples-personalized,MT2,white,couples,MEM,Memory,M,XL,549,238,2
UC-D01-MC2WH-MEM-LxS,UC,D01,MC2WH,us-code-eyes-only-memory-tee-white-couples-personalized,MT2,white,couples,MEM,Memory,L,S,549,238,2
UC-D01-MC2WH-MEM-LxM,UC,D01,MC2WH,us-code-eyes-only-memory-tee-white-couples-personalized,MT2,white,couples,MEM,Memory,L,M,549,238,2
UC-D01-MC2WH-MEM-LxL,UC,D01,MC2WH,us-code-eyes-only-memory-tee-white-couples-personalized,MT2,white,couples,MEM,Memory,L,L,549,238,2
UC-D01-MC2WH-MEM-LxXL,UC,D01,MC2WH,us-code-eyes-only-memory-tee-white-couples-personalized,MT2,white,couples,MEM,Memory,L,XL,549,238,2
UC-D01-MC2WH-MEM-XLxS,UC,D01,MC2WH,us-code-eyes-only-memory-tee-white-couples-personalized,MT2,white,couples,MEM,Memory,XL,S,549,238,2
UC-D01-MC2WH-MEM-XLxM,UC,D01,MC2WH,us-code-eyes-only-memory-tee-white-couples-personalized,MT2,white,couples,MEM,Memory,XL,M,549,238,2
UC-D01-MC2WH-MEM-XLxL,UC,D01,MC2WH,us-code-eyes-only-memory-tee-white-couples-personalized,MT2,white,couples,MEM,Memory,XL,L,549,238,2
UC-D01-MC2WH-MEM-XLxXL,UC,D01,MC2WH,us-code-eyes-only-memory-tee-white-couples-personalized,MT2,white,couples,MEM,Memory,XL,XL,549,238,2
UC-D01-MC2WH-SIG-SxS,UC,D01,MC2WH,us-code-eyes-only-memory-tee-white-couples-personalized,MT2,white,couples,SIG,Signature,S,S,849,278,2
UC-D01-MC2WH-SIG-SxM,UC,D01,MC2WH,us-code-eyes-only-memory-tee-white-couples-personalized,MT2,white,couples,SIG,Signature,S,M,849,278,2
UC-D01-MC2WH-SIG-SxL,UC,D01,MC2WH,us-code-eyes-only-memory-tee-white-couples-personalized,MT2,white,couples,SIG,Signature,S,L,849,278,2
UC-D01-MC2WH-SIG-SxXL,UC,D01,MC2WH,us-code-eyes-only-memory-tee-white-couples-personalized,MT2,white,couples,SIG,Signature,S,XL,849,278,2
UC-D01-MC2WH-SIG-MxS,UC,D01,MC2WH,us-code-eyes-only-memory-tee-white-couples-personalized,MT2,white,couples,SIG,Signature,M,S,849,278,2
UC-D01-MC2WH-SIG-MxM,UC,D01,MC2WH,us-code-eyes-only-memory-tee-white-couples-personalized,MT2,white,couples,SIG,Signature,M,M,849,278,2
UC-D01-MC2WH-SIG-MxL,UC,D01,MC2WH,us-code-eyes-only-memory-tee-white-couples-personalized,MT2,white,couples,SIG,Signature,M,L,849,278,2
UC-D01-MC2WH-SIG-MxXL,UC,D01,MC2WH,us-code-eyes-only-memory-tee-white-couples-personalized,MT2,white,couples,SIG,Signature,M,XL,849,278,2
UC-D01-MC2WH-SIG-LxS,UC,D01,MC2WH,us-code-eyes-only-memory-tee-white-couples-personalized,MT2,white,couples,SIG,Signature,L,S,849,278,2
UC-D01-MC2WH-SIG-LxM,UC,D01,MC2WH,us-code-eyes-only-memory-tee-white-couples-personalized,MT2,white,couples,SIG,Signature,L,M,849,278,2
UC-D01-MC2WH-SIG-LxL,UC,D01,MC2WH,us-code-eyes-only-memory-tee-white-couples-personalized,MT2,white,couples,SIG,Signature,L,L,849,278,2
UC-D01-MC2WH-SIG-LxXL,UC,D01,MC2WH,us-code-eyes-only-memory-tee-white-couples-personalized,MT2,white,couples,SIG,Signature,L,XL,849,278,2
UC-D01-MC2WH-SIG-XLxS,UC,D01,MC2WH,us-code-eyes-only-memory-tee-white-couples-personalized,MT2,white,couples,SIG,Signature,XL,S,849,278,2
UC-D01-MC2WH-SIG-XLxM,UC,D01,MC2WH,us-code-eyes-only-memory-tee-white-couples-personalized,MT2,white,couples,SIG,Signature,XL,M,849,278,2
UC-D01-MC2WH-SIG-XLxL,UC,D01,MC2WH,us-code-eyes-only-memory-tee-white-couples-personalized,MT2,white,couples,SIG,Signature,XL,L,849,278,2
UC-D01-MC2WH-SIG-XLxXL,UC,D01,MC2WH,us-code-eyes-only-memory-tee-white-couples-personalized,MT2,white,couples,SIG,Signature,XL,XL,849,278,2
